﻿<?xml version="1.0"?>
<LangSettings xmlns:xsi="http://www.w3.org/2001/XMLSchema-instance" xmlns:xsd="http://www.w3.org/2001/XMLSchema">
    <m_Langs>
        <NationalItemDef>
            <Id>Cz</Id>
            <Name>Čeština</Name>
            <File>SmcTerminalCfgProgramCz.txt</File>
            <Culture>cs-CZ</Culture>
        </NationalItemDef>
        <NationalItemDef>
            <Id>En</Id>
            <Name>English</Name>
            <File>SmcTerminalCfgProgramEn.txt</File>
            <Culture>en-US</Culture>
        </NationalItemDef>
    </m_Langs>
</LangSettings>

